{"UUID":"VzN1Iqn4XpchoivRw66eHl","layoutMainAxisSizing":null,"layoutCrossAxisSizing":null,"name":"Untitled","isVisible":true,"boundaryRectangle":null,"style":null,"prototypeNodeUUID":null,"child":null,"constraints":null,"debug":false,"pngPath":"/usr/src/app/temp-out/pb-tmp-27dfb42d-aa72-473e-b5f5-ef31d2b19864/testing_figma/lib/assets/images","pages":[{"UUID":"0:1","layoutMainAxisSizing":null,"layoutCrossAxisSizing":null,"name":"Page 1","isVisible":true,"boundaryRectangle":null,"style":null,"prototypeNodeUUID":null,"child":null,"constraints":null,"convert":true,"screens":[],"pbdlType":"page"}],"miscPages":[],"sharedStyles":[],"globalStyles":{"UUID":"","layoutMainAxisSizing":null,"layoutCrossAxisSizing":null,"name":"","isVisible":false,"boundaryRectangle":null,"style":null,"prototypeNodeUUID":null,"child":null,"constraints":null,"pbdlType":"global_styles","designSystem":"material","colors":[{"UUID":"2:16","layoutMainAxisSizing":null,"layoutCrossAxisSizing":null,"name":"bottons - E0E0E0","isVisible":false,"boundaryRectangle":null,"style":null,"prototypeNodeUUID":null,"child":null,"constraints":null,"description":"","pbdlType":"global_color","color":{"a":1.0,"r":0.8791666626930237,"g":0.8791666626930237,"b":0.8791666626930237}},{"UUID":"2:17","layoutMainAxisSizing":null,"layoutCrossAxisSizing":null,"name":"32A09F","isVisible":false,"boundaryRectangle":null,"style":null,"prototypeNodeUUID":null,"child":null,"constraints":null,"description":"","pbdlType":"global_color","color":{"a":1.0,"r":0.19607843458652496,"g":0.6274510025978088,"b":0.6235294342041016}},{"UUID":"2:19","layoutMainAxisSizing":null,"layoutCrossAxisSizing":null,"name":"Up bar - F2F2F2","isVisible":false,"boundaryRectangle":null,"style":null,"prototypeNodeUUID":null,"child":null,"constraints":null,"description":"","pbdlType":"global_color","color":{"a":1.0,"r":0.949999988079071,"g":0.949999988079071,"b":0.949999988079071}},{"UUID":"2:15","layoutMainAxisSizing":null,"layoutCrossAxisSizing":null,"name":"Dark grey - 858585","isVisible":false,"boundaryRectangle":null,"style":null,"prototypeNodeUUID":null,"child":null,"constraints":null,"description":"","pbdlType":"global_color","color":{"a":1.0,"r":0.5208333134651184,"g":0.5208333134651184,"b":0.5208333134651184}}],"textStyles":[{"UUID":"2:18","layoutMainAxisSizing":null,"layoutCrossAxisSizing":null,"name":"text 2- Avenir, heavy,  34pt","isVisible":false,"boundaryRectangle":null,"style":null,"prototypeNodeUUID":null,"child":null,"constraints":null,"description":"","pbdlType":"global_text_style","textStyle":{"UUID":"","layoutMainAxisSizing":null,"layoutCrossAxisSizing":null,"name":"","isVisible":false,"boundaryRectangle":null,"style":null,"prototypeNodeUUID":"","child":null,"constraints":null,"fontFamily":"Avenir","fontPostScriptName":"Avenir-Heavy","paragraphSpacing":0,"paragraphIndent":0,"listSpacing":0,"italics":null,"fontWeight":400,"fontSize":34.0,"textCase":"ORIGINAL","textDecoration":"NONE","textAutoResize":"WIDTH_AND_HEIGHT","textAlignHorizontal":"LEFT","textAlignVertical":"TOP","letterSpacing":-0.51,"fills":null,"hyperLink":null,"opentypeFlags":{},"lineHeightPx":38.0,"lineHeightPercent":81.81896209716797,"lineHeightPercentFontSize":111.76470947265625,"lineHeightUnit":"PIXELS","pbdlType":"text_style"}},{"UUID":"2:20","layoutMainAxisSizing":null,"layoutCrossAxisSizing":null,"name":"Description text 2- Avenir, heavy,  18pt","isVisible":false,"boundaryRectangle":null,"style":null,"prototypeNodeUUID":null,"child":null,"constraints":null,"description":"","pbdlType":"global_text_style","textStyle":{"UUID":"","layoutMainAxisSizing":null,"layoutCrossAxisSizing":null,"name":"","isVisible":false,"boundaryRectangle":null,"style":null,"prototypeNodeUUID":"","child":null,"constraints":null,"fontFamily":"Avenir","fontPostScriptName":"Avenir-Heavy","paragraphSpacing":0,"paragraphIndent":0,"listSpacing":0,"italics":null,"fontWeight":400,"fontSize":18.0,"textCase":"ORIGINAL","textDecoration":"NONE","textAutoResize":"WIDTH_AND_HEIGHT","textAlignHorizontal":"LEFT","textAlignVertical":"TOP","letterSpacing":-0.27,"fills":null,"hyperLink":null,"opentypeFlags":{},"lineHeightPx":35.0,"lineHeightPercent":142.34585571289062,"lineHeightPercentFontSize":194.44444274902344,"lineHeightUnit":"PIXELS","pbdlType":"text_style"}}],"themeColors":[],"themeTextStyles":[]},"pbdlType":"project","azure_container_uri":"https://pbnestcore.blob.core.windows.net/vzn1iqn4xpchoivrw66ehl"}